id,name,count
69e3b77c-4ea5-11e8-a238-0f6d12db7cda,myFirstTag,1
6c6fd2e6-4ea5-11e8-a239-5336b5cf8a3b,car,1
e75cc0c8-4ecc-11e8-90c1-e33faf5f77b5,test1,8
704388e0-4ea5-11e8-a23a-e7dd1e28ab70,test,8
e76d7e22-4ecc-11e8-90c4-dbbdd3253dd4,test3,9
537e5ba3-834a-4b54-848a-07a472d8fa8c,tag6,1
621e9673-00f8-472c-bba2-46901bcae0d9,tag5,1
e75cd1c6-4ecc-11e8-90c2-f7eecb2da678,test2,8
76865cbe-4ea5-11e8-a23b-83708f4621c8,tag4,1
bf69f831-0c34-453a-a4e8-3231e238c3a0,AddTestTag,1
012e9b06-1989-4a2a-badc-60d80c1eedc2,ManualCreatedTag1,1
da10003e-e6fb-4b7b-b8c5-0de05ecc6a3d,ManualCreatedTag4,1
8b592484-a8c0-4ab7-94d9-bc1ecd3d4bed,ManualCreatedTag2,1
